<?xml version="1.0" encoding="UTF-8" standalone="no"?><warehouse><goods><name>Matica 16</name><code>M-16</code><description>Matica o veľkosti 16</description><prices><incomePrice>0.02</incomePrice><exportPrice>0.03</exportPrice></prices><deleted>false</deleted></goods><goods><name>Matica 18</name><code>M-18</code><description>Matica s veľkostťou 18</description><prices><incomePrice>0.03</incomePrice><exportPrice>0.04</exportPrice></prices><deleted>false</deleted></goods><goods><name>Skrutka</name><code>S-M3</code><description>Skrutka; M3x10;</description><prices><incomePrice>0.01</incomePrice><exportPrice>0.02</exportPrice></prices><deleted>true</deleted></goods><goods><name>Napínacia skrutka</name><code>S-M6</code><description>Napínacia skrutka a skrutka s okom</description><prices><incomePrice>1.9</incomePrice><exportPrice>2.1</exportPrice></prices><deleted>false</deleted></goods><goods><name>Skrutka s tesniacou podložkou</name><code>S-TP</code><description>Skrutka z nerezovej ocele s tesniacou podložkou</description><prices><incomePrice>0.5</incomePrice><exportPrice>0.55</exportPrice></prices><deleted>false</deleted></goods></warehouse>